<?xml version="1.0" encoding="UTF-8"?>
<!DOCTYPE mapper
  PUBLIC "-//mybatis.org//DTD Mapper 3.0//EN"
  "http://mybatis.org/dtd/mybatis-3-mapper.dtd">
  
<mapper namespace="mapper.GoodMapper">
	
	<resultMap id="Good" type="goods">
		<id column="good_id" property="goodId"/>
		<result column="good_name" property="goodName"/>
		<result column="good_price" property="goodPrice"/>
		<result column="good_dis" property="goodDis"/>
		<result column="good_brand" property="goodBrand"/>
		<result column="good_pic" property="goodPic"/>
		<result column="good_discribe" property="goodDiscribe"/>
		<result column="good_status" property="goodStatus"/>
		<result column="good_account" property="goodAcount"/>
		<result column="good_sizeid" property="goodSizeId"/>
		<result column="category_id" property="categoryId"/>
	</resultMap>
	
	<select id="selectGoodByCategory" resultMap="Good" resultType="model.Goods">
		select * from goods where category_id = #{0} and good_name 
		like 
		CONCAT('%',#{1},'%');
	</select>
	
	<select id="selectByPage" resultMap="Good" resultType="model.Goods">
		select * from goods
	</select>
	
	<select id="selectAll"  resultMap="Good" resultType="model.Goods">
		select * from goods;
	</select>
	
	<select id="select" resultMap="Good" resultType="java.util.HashMap">
		select * from goods;
	</select>
	
	<select id="selectByCategory" resultMap="Good" resultType="model.Goods">
		select * from goods where category_id = #{0};
	</select>
	
	<select id="selectByGoodId" resultMap="Good" resultType="model.Goods">
		select * from goods where good_id=#{0};
	</select>
	
	<update id="updateNumberById">
		update goods set good_number = good_number - #{1} where good_id = #{0};		
	</update>
	
	<delete id="deleteGoodById">
		delete from goods where good_id = #{0};
	</delete>
	
	<update id="updateGoodById">
		update goods set  
		good_name = #{goodName},good_price = #{goodPrice},good_brand = #{goodBrand},
		good_discribe = #{goodDiscribe},good_dis = #{goodDis},good_status = #{goodStatus},
		good_acount = #{goodAcount},good_sizeid = #{goodSizeId},category_id = #{categoryId},
		good_pic = #{goodPic} where good_id = #{goodId} ;
	</update>
	
	<insert id="saveIntoDB">
	
		insert into goods (good_name,good_price,good_brand,good_discribe,
		good_dis,good_status,good_acount,good_sizeid,category_id,good_pic) 
		values 
		(#{goodName},#{goodPrice},#{goodBrand},#{goodDiscribe},#{goodDis},#{goodStatus},
		#{goodAcount},#{goodSizeId},#{categoryId},#{goodPic} );  
		 <!-- where good_id = #{goodId} ; -->
	</insert>
	
	<select id="selectAdvertInfo" resultMap="Good" resultType="model.Goods">
		SELECT good_name,good_price,good_discribe,good_pic,good_id 
		FROM goods
		WHERE good_id = #{0}; 
	</select>
	
	
	
</mapper>