<?xml version="1.0" encoding="UTF-8"?>
<!DOCTYPE mapper
  PUBLIC "-//mybatis.org//DTD Mapper 3.0//EN"
  "http://mybatis.org/dtd/mybatis-3-mapper.dtd">
  
<mapper namespace="mapper.LoadMapper">
	<select id="selectProvinceAll" resultType="java.util.HashMap">
		select * from province
	</select>
	
	<select id="selectCityByCode" resultType="java.util.HashMap">
		select * from city where provincecode = #{0};
	</select>
	
	<select id="selectAreaByCode" resultType="java.util.HashMap">
		select * from area where citycode = #{0};
	</select>
	
	<select id="addToDB" >
		insert into locality_table (user_id,locality)values(#{1},#{0});
	</select>
	<!-- 存入 -->
	<select id="selectProvinceByCode" resultType="java.util.HashMap">
		select * from province where code = #{0};
	</select>
	
	<select id="selectCityByCodeToDB" resultType="java.util.HashMap">
		select * from city where code = #{0};
	</select>
	
	<select id="selectAreaByCodeToDB" resultType="java.util.HashMap">
		select * from area where code = #{0};
	</select>
	
</mapper>