<?xml version="1.0" encoding="UTF-8"?>
<!DOCTYPE mapper
  PUBLIC "-//mybatis.org//DTD Mapper 3.0//EN"
  "http://mybatis.org/dtd/mybatis-3-mapper.dtd">
  
<mapper namespace="mapper.UserMapper">
	
	<resultMap id="userMapping" type="user">
		<id column="user_uid" property="userUid"/>
		<result column="user_neckname" property="userName"/>
		<result column="user_realname" property="realName"/>
		<result column="user_credit" property="userCredit"/>
		<result column="user_phone" property="userPhone"/>
		<result column="user_pwd" property="userPwd"/>
		
	</resultMap>
	
	<select id="login" resultMap="userMapping" resultType="model.User">
		select * from user_table where user_uid = #{0} and user_pwd = #{1};
	</select>
	
	<select id="checkUsername" resultMap="userMapping" resultType="model.User">
		select * from user_table where user_neckname = #{0};
	</select>

	<insert id="addUser" parameterType="model.User">
		
		insert into user_table (user_uid,user_neckname,user_realname,user_credit,user_phone,user_pwd) values(#{userUid},#{userName},#{realName},#{userCredit},#{userPhone},#{userPwd});
	
	</insert>
<!-- ('user_uid','user_neckname','user_realname','user_credit','user_phone','user_pwd') -->
	
	<select id="selectAll" resultType="model.User">
		select * from user_table;
	</select>

</mapper>
  